num,startBy,endBy,next,start,end,size
1,sha_transform,.LPIC0,2,1,8,112
2,.LPIC0,b->.L2,5,8,20,192
3,.L3,split,4,20,32,192
4, ,.L2,5,32,43,176
5,.L2,ble->.L3,3,43,48,80
6,ble->.L3,b->.L4,11,48,53,80
7,.L5,split,8,53,67,224
8, ,split,9,67,81,224
9, ,split,10,81,95,224
10, ,.L4,11,95,106,176
11,.L4,ble->.L5,7,106,111,80
12,ble->.L5,split,13,111,123,192
13, ,split,14,123,135,192
14, ,b->.L6,20,135,146,176
15,.L7,split,16,146,162,256
16, ,split,17,162,178,256
17, ,split,18,178,194,256
18, ,split,19,194,210,256
19, ,.L6,20,210,225,240
20,.L6,ble->.L7,15,225,230,80
21,ble->.L7,b->.L8,27,230,235,80
22,.L9,split,23,235,250,240
23, ,split,24,250,265,240
24, ,split,25,265,280,240
25, ,split,26,280,295,240
26, ,.L8,27,295,309,224
27,.L8,ble->.L9,22,309,314,80
28,ble->.L9,b->.L10,35,314,319,80
29,.L11,split,30,319,333,224
30, ,split,31,333,347,224
31, ,split,32,347,361,224
32, ,split,33,361,375,224
33, ,split,34,375,389,224
34, ,.L10,35,389,401,192
35,.L10,ble->.L11,29,401,406,80
36,ble->.L11,b->.L12,42,406,411,80
37,.L13,split,38,411,426,240
38, ,split,39,426,441,240
39, ,split,40,441,456,240
40, ,split,41,456,471,240
41, ,.L12,42,471,485,224
42,.L12,ble->.L13,37,485,490,80
43,ble->.L13,split,44,490,505,240
44, ,split,45,505,520,240
45, ,split,46,520,535,240
46, ,beq->.L14,48,535,547,192
47,beq->.L14,.L14,48,547,548,16
48,.L14,.L16,end,548,551,48
